SaleID,OrderDate,CustomerID,ProductID,EmployeeID,Quantity,Discount,PaymentMethod,SalesChannel,OrderStatus,StoreID,UnitPrice,UnitCost,CustomerCity,StoreCity,Revenue,Cost,Profit,Tax
303612,2024-11-13,713,188,182,5,10,Mastercard,Online,Returned,14,4144.59,3131,Jazan,Khobar,18650.66,15655,2995.66,2797.6
325881,2024-12-12,907,70,91,3,0,Apple Pay,Store,Returned,19,3212.08,2465,Tabuk,Tabuk,9636.24,7395,2241.24,1445.44
484607,2025-12-12,816,184,120,3,0,Cash,Store,Cancelled,19,6053.38,4696,Tabuk,Tabuk,18160.14,14088,4072.14,2724.02
320413,2024-12-25,437,116,112,2,10,Mastercard,Store,Pending,15,4328.44,3348,Dammam,Dammam,7791.19,6696,1095.19,1168.68
303341,2024-11-10,270,132,194,2,0,Cash,Store,Returned,14,5466.05,3918,Khobar,Khobar,10932.1,7836,3096.1,1639.82
498917,2025-12-03,892,24,152,5,15,Cash,Store,Completed,16,3838.14,2906,Dammam,Dammam,16312.1,14530,1782.1,2446.82
476510,2025-11-28,96,222,186,1,15,Mastercard,Store,Returned,17,6015.53,4689,Abha,Abha,5113.2,4689,424.2,766.98
490567,2025-12-09,187,29,205,1,0,STC Pay,Store,Completed,2,4213.34,3081,Riyadh,Riyadh,4213.34,3081,1132.34,632.0
463712,2025-11-12,311,60,60,3,15,Visa,Store,Completed,17,4878.66,3507,Abha,Abha,12440.58,10521,1919.58,1866.09
295342,2024-11-08,544,164,98,4,0,Mastercard,Store,Completed,18,4482.27,3427,Jazan,Jazan,17929.08,13708,4221.08,2689.36
312670,2024-11-09,694,60,196,4,0,Apple Pay,Online,Returned,16,4878.66,3507,Riyadh,Dammam,19514.64,14028,5486.64,2927.2
329735,2024-12-08,653,67,137,1,0,Mada,Store,Returned,17,5519.21,4488,Abha,Abha,5519.21,4488,1031.21,827.88
369522,2025-04-17,207,66,25,3,0,Mastercard,Store,Completed,13,6444.99,4790,Khobar,Khobar,19334.97,14370,4964.97,2900.25
379781,2025-04-06,152,115,114,5,15,STC Pay,Online,Completed,10,6342.82,4985,Dammam,Makkah,26956.98,24925,2031.98,4043.55
453312,2025-10-18,913,83,33,1,0,Mastercard,Store,Pending,8,7553.3,5398,Jeddah,Jeddah,7553.3,5398,2155.3,1132.99
442897,2025-10-31,142,44,193,2,0,Mastercard,Store,Returned,2,6854.91,5202,Riyadh,Riyadh,13709.82,10404,3305.82,2056.47
374859,2025-04-30,277,279,144,4,5,Apple Pay,Store,Completed,1,2361.86,1766,Riyadh,Riyadh,8975.07,7064,1911.07,1346.26
217130,2024-03-17,37,239,134,3,0,Apple Pay,Online,Completed,11,4011.24,3079,Madinah,Madinah,12033.72,9237,2796.72,1805.06
435348,2025-09-03,99,58,176,4,10,Visa,Online,Completed,14,4221.68,3113,Riyadh,Khobar,15198.05,12452,2746.05,2279.71
370258,2025-04-21,886,221,88,4,20,Mada,Store,Completed,14,6731.39,5528,Khobar,Khobar,21540.45,22112,-571.55,3231.07
285280,2024-10-28,778,238,125,4,5,Apple Pay,Store,Completed,20,6491.48,5366,Taif,Taif,24667.62,21464,3203.62,3700.14
447090,2025-10-09,209,281,44,4,15,Visa,Online,Completed,4,1067.31,774,Taif,Riyadh,3628.85,3096,532.85,544.33
213260,2024-03-21,373,237,243,2,15,Visa,Store,Completed,19,4584.46,3787,Tabuk,Tabuk,7793.58,7574,219.58,1169.04
423455,2025-08-09,674,45,144,1,0,Mastercard,Online,Returned,12,5117.8,3832,Taif,Madinah,5117.8,3832,1285.8,767.67
396482,2025-06-05,870,183,66,1,0,Visa,Store,Returned,20,6505.87,4880,Taif,Taif,6505.87,4880,1625.87,975.88
220505,2024-04-06,20,95,201,4,5,Mastercard,Online,Completed,16,5906.29,4870,Dammam,Dammam,22443.9,19480,2963.9,3366.58
397521,2025-06-05,905,61,37,3,0,Mada,Store,Completed,11,5163.84,4254,Madinah,Madinah,15491.52,12762,2729.52,2323.73
180003,2023-12-11,181,234,84,3,0,Mastercard,Store,Cancelled,17,8952.14,6648,Abha,Abha,26856.42,19944,6912.42,4028.46
422170,2025-08-24,610,251,3,5,5,STC Pay,Online,Completed,1,8364.13,6070,Abha,Riyadh,39729.62,30350,9379.62,5959.44
410948,2025-07-21,258,245,45,3,5,Cash,Store,Completed,6,4619.53,3785,Jeddah,Jeddah,13165.66,11355,1810.66,1974.85
111527,2023-04-24,162,2,155,4,5,Mada,Store,Returned,8,4862.3,3905,Jeddah,Jeddah,18476.74,15620,2856.74,2771.51
161256,2023-10-24,129,197,69,1,15,Mada,Store,Pending,11,6084.9,4495,Madinah,Madinah,5172.16,4495,677.16,775.82
106327,2023-04-29,402,292,132,1,0,Mastercard,Store,Returned,2,506.31,405,Riyadh,Riyadh,506.31,405,101.31,75.95
280048,2024-09-21,572,152,128,3,10,Mada,Store,Cancelled,7,5575.64,4313,Jeddah,Jeddah,15054.23,12939,2115.23,2258.13
341339,2025-02-25,115,105,210,4,0,Mada,Store,Completed,15,3724.88,3096,Dammam,Dammam,14899.52,12384,2515.52,2234.93
330405,2025-01-11,32,239,193,5,0,STC Pay,Store,Pending,7,4011.24,3079,Jeddah,Jeddah,20056.2,15395,4661.2,3008.43
110100,2023-04-05,220,208,31,3,0,Mada,Store,Completed,18,3092.9,2542,Jazan,Jazan,9278.7,7626,1652.7,1391.8
146485,2023-09-19,265,140,246,3,0,Mada,Online,Completed,19,3377.12,2509,Makkah,Tabuk,10131.36,7527,2604.36,1519.7
268006,2024-08-17,559,75,156,2,5,Cash,Store,Completed,9,6212.48,5100,Makkah,Makkah,11803.71,10200,1603.71,1770.56
93621,2023-03-27,644,127,121,5,0,STC Pay,Online,Completed,10,7016.66,5471,Tabuk,Makkah,35083.3,27355,7728.3,5262.5
252157,2024-07-17,4,286,143,4,10,STC Pay,Store,Cancelled,17,2759.39,1978,Abha,Abha,9933.8,7912,2021.8,1490.07
102254,2023-03-29,923,83,126,5,0,Cash,Store,Completed,1,7553.3,5398,Riyadh,Riyadh,37766.5,26990,10776.5,5664.98
95013,2023-03-16,311,260,104,2,0,STC Pay,Store,Pending,17,3445.44,2540,Abha,Abha,6890.88,5080,1810.88,1033.63
253417,2024-07-28,732,269,236,5,0,Mada,Store,Completed,13,9382.22,7692,Khobar,Khobar,46911.1,38460,8451.1,7036.66
99095,2023-03-11,133,195,98,1,0,Visa,Store,Completed,16,5605.97,4286,Dammam,Dammam,5605.97,4286,1319.97,840.9
252337,2024-07-02,317,147,73,1,20,Cash,Online,Completed,6,4179.08,3435,Madinah,Jeddah,3343.26,3435,-91.74,501.49
270383,2024-08-21,520,293,255,1,5,STC Pay,Online,Completed,20,1281.57,923,Taif,Taif,1217.49,923,294.49,182.62
244863,2024-06-11,683,16,30,3,15,Visa,Store,Returned,8,3785.36,3136,Jeddah,Jeddah,9652.67,9408,244.67,1447.9
123456,2023-06-21,523,144,75,3,5,Mada,Store,Cancelled,4,5894.49,4377,Riyadh,Riyadh,16799.3,13131,3668.3,2519.9
191439,2024-01-17,696,40,125,2,15,Apple Pay,Online,Returned,10,5424.43,3899,Madinah,Makkah,9221.53,7798,1423.53,1383.23
200064,2024-02-18,371,231,21,2,0,Mastercard,Online,Completed,2,3954.06,2996,Makkah,Riyadh,7908.12,5992,1916.12,1186.22
118794,2023-05-21,681,93,78,4,0,Apple Pay,Store,Returned,19,4185.21,3155,Tabuk,Tabuk,16740.84,12620,4120.84,2511.13
204486,2024-02-06,312,222,188,3,5,Cash,Store,Cancelled,11,6015.53,4689,Madinah,Madinah,17144.26,14067,3077.26,2571.64
114102,2023-05-07,584,80,256,2,0,STC Pay,Store,Returned,12,3828.52,2887,Madinah,Madinah,7657.04,5774,1883.04,1148.56
131485,2023-07-23,735,106,224,3,15,STC Pay,Store,Returned,16,2974.78,2476,Dammam,Dammam,7585.69,7428,157.69,1137.85
77789,2022-12-12,370,169,221,2,0,Cash,Online,Completed,18,5774.59,4441,Abha,Jazan,11549.18,8882,2667.18,1732.38
194146,2024-01-24,232,141,170,3,10,Mastercard,Store,Completed,5,4877.16,3790,Jeddah,Jeddah,13168.33,11370,1798.33,1975.25
74286,2022-12-23,436,208,187,4,5,Visa,Store,Cancelled,18,3092.9,2542,Jazan,Jazan,11753.02,10168,1585.02,1762.95
201020,2024-02-22,374,46,84,5,10,Apple Pay,Online,Cancelled,7,5641.53,4693,Khobar,Jeddah,25386.88,23465,1921.88,3808.03
81454,2023-01-19,301,185,156,5,10,Mastercard,Store,Completed,17,4125.17,2990,Abha,Abha,18563.26,14950,3613.26,2784.49
48397,2022-09-05,174,102,171,3,10,Visa,Store,Completed,6,7123.39,5552,Jeddah,Jeddah,19233.15,16656,2577.15,2884.97
25959,2022-05-02,912,79,12,3,0,Visa,Store,Returned,20,4071.59,3232,Taif,Taif,12214.77,9696,2518.77,1832.22
55245,2022-10-02,305,2,96,4,0,STC Pay,Online,Completed,8,4862.3,3905,Makkah,Jeddah,19449.2,15620,3829.2,2917.38
29409,2022-05-12,397,95,63,4,0,Mada,Online,Completed,5,5906.29,4870,Jazan,Jeddah,23625.16,19480,4145.16,3543.77
88620,2023-02-11,542,47,54,4,0,Mastercard,Store,Completed,17,3280.13,2728,Abha,Abha,13120.52,10912,2208.52,1968.08
5112,2022-02-12,187,234,176,4,0,Mastercard,Store,Cancelled,2,8952.14,6648,Riyadh,Riyadh,35808.56,26592,9216.56,5371.28
390650,2025-05-17,610,191,4,2,0,Apple Pay,Store,Pending,17,4188.86,3424,Abha,Abha,8377.72,6848,1529.72,1256.66
182644,2023-12-15,85,52,197,5,15,Cash,Store,Cancelled,16,6198.92,5063,Dammam,Dammam,26345.41,25315,1030.41,3951.81
333743,2025-01-22,846,151,198,1,5,Visa,Store,Returned,18,5940.33,4331,Jazan,Jazan,5643.31,4331,1312.31,846.5
343939,2025-02-19,672,90,94,4,0,Mastercard,Store,Pending,16,3314.25,2745,Dammam,Dammam,13257.0,10980,2277.0,1988.55
122940,2023-06-21,283,18,43,4,0,Apple Pay,Online,Cancelled,4,3581.15,2701,Jazan,Riyadh,14324.6,10804,3520.6,2148.69
11021,2022-03-12,520,219,96,1,0,Mastercard,Store,Cancelled,20,3442.9,2802,Taif,Taif,3442.9,2802,640.9,516.43
84851,2023-01-13,561,159,219,2,5,Cash,Store,Completed,16,3484.08,2674,Dammam,Dammam,6619.75,5348,1271.75,992.96
82164,2023-01-18,269,176,197,2,0,Visa,Store,Cancelled,20,4215.75,3066,Taif,Taif,8431.5,6132,2299.5,1264.72
15673,2022-03-24,289,260,142,4,0,Apple Pay,Online,Completed,12,3445.44,2540,Khobar,Madinah,13781.76,10160,3621.76,2067.26
43490,2022-08-14,969,268,194,3,0,Apple Pay,Store,Completed,2,4357.71,3157,Riyadh,Riyadh,13073.13,9471,3602.13,1960.97
40196,2022-07-21,315,4,106,5,5,STC Pay,Store,Pending,9,5648.59,4505,Makkah,Makkah,26830.8,22525,4305.8,4024.62
32563,2022-06-03,99,186,158,4,10,Mastercard,Store,Pending,2,4376.18,3514,Riyadh,Riyadh,15754.25,14056,1698.25,2363.14
471024,2025-11-27,50,165,35,1,0,STC Pay,Online,Returned,3,7278.93,5531,Dammam,Riyadh,7278.93,5531,1747.93,1091.84
313508,2024-11-02,108,101,93,5,15,Visa,Online,Returned,8,4637.15,3824,Dammam,Jeddah,19707.89,19120,587.89,2956.18
462106,2025-11-11,172,267,239,5,10,Cash,Store,Completed,4,2433.95,1864,Riyadh,Riyadh,10952.78,9320,1632.78,1642.92
497073,2025-12-26,95,276,251,4,5,Mada,Store,Completed,17,10170.37,7994,Abha,Abha,38647.41,31976,6671.41,5797.11
483472,2025-12-23,431,208,49,5,5,STC Pay,Online,Completed,4,3092.9,2542,Jazan,Riyadh,14691.28,12710,1981.28,2203.69
466980,2025-11-18,400,117,172,2,10,STC Pay,Store,Completed,12,3303.73,2667,Madinah,Madinah,5946.71,5334,612.71,892.01
167646,2023-11-07,904,116,164,5,5,Visa,Store,Returned,9,4328.44,3348,Makkah,Makkah,20560.09,16740,3820.09,3084.01
165262,2023-11-24,566,290,223,1,10,STC Pay,Online,Completed,18,2978.67,2234,Khobar,Jazan,2680.8,2234,446.8,402.12
167449,2023-11-23,778,294,255,2,10,Mastercard,Store,Completed,20,1252.94,1035,Taif,Taif,2255.29,2070,185.29,338.29
495319,2025-12-24,283,119,44,5,0,Mastercard,Store,Completed,18,3179.58,2626,Jazan,Jazan,15897.9,13130,2767.9,2384.68
321286,2024-12-25,993,67,205,1,0,Apple Pay,Online,Completed,16,5519.21,4488,Dammam,Dammam,5519.21,4488,1031.21,827.88
462114,2025-11-11,696,279,251,2,0,STC Pay,Store,Completed,11,2361.86,1766,Madinah,Madinah,4723.72,3532,1191.72,708.56
284275,2024-10-21,361,80,239,3,0,Mastercard,Store,Returned,11,3828.52,2887,Madinah,Madinah,11485.56,8661,2824.56,1722.83
351093,2025-03-22,528,257,150,3,0,Mastercard,Store,Completed,15,2264.78,1854,Dammam,Dammam,6794.34,5562,1232.34,1019.15
440298,2025-09-19,929,249,197,4,0,Mada,Store,Completed,10,4881.0,3525,Makkah,Makkah,19524.0,14100,5424.0,2928.6
442832,2025-10-16,710,173,76,2,0,STC Pay,Store,Completed,4,5265.52,4325,Riyadh,Riyadh,10531.04,8650,1881.04,1579.66
366359,2025-04-21,386,97,236,5,20,Mada,Store,Completed,12,3685.29,2708,Madinah,Madinah,14741.16,13540,1201.16,2211.17
431952,2025-09-07,953,228,201,5,0,STC Pay,Online,Completed,16,6828.04,4908,Riyadh,Dammam,34140.2,24540,9600.2,5121.03
434901,2025-09-26,71,35,168,4,0,Mada,Store,Pending,17,5353.49,4005,Abha,Abha,21413.96,16020,5393.96,3212.09
426281,2025-08-01,414,154,52,3,0,Mastercard,Store,Completed,17,5833.74,4351,Abha,Abha,17501.22,13053,4448.22,2625.18
408995,2025-07-21,160,128,43,5,20,Mada,Online,Completed,4,4072.91,3353,Khobar,Riyadh,16291.64,16765,-473.36,2443.75
185259,2023-12-21,218,104,103,2,10,Visa,Store,Returned,20,3655.1,2996,Taif,Taif,6579.18,5992,587.18,986.88
398329,2025-06-22,388,203,68,2,5,STC Pay,Store,Completed,20,3209.69,2614,Taif,Taif,6098.41,5228,870.41,914.76
382116,2025-05-28,314,228,61,2,5,STC Pay,Store,Cancelled,17,6828.04,4908,Abha,Abha,12973.28,9816,3157.28,1945.99
390470,2025-05-22,535,103,104,1,0,Apple Pay,Store,Returned,15,4024.16,3125,Dammam,Dammam,4024.16,3125,899.16,603.62
400778,2025-06-14,358,256,68,5,10,Cash,Online,Completed,6,1527.02,1127,Dammam,Jeddah,6871.59,5635,1236.59,1030.74
403947,2025-06-20,312,148,144,2,10,Mada,Store,Pending,12,6979.37,5447,Madinah,Madinah,12562.87,10894,1668.87,1884.43
412458,2025-07-23,821,54,99,2,10,Mastercard,Store,Completed,15,4421.72,3206,Dammam,Dammam,7959.1,6412,1547.1,1193.86
394497,2025-06-12,892,195,159,4,0,STC Pay,Store,Completed,16,5605.97,4286,Dammam,Dammam,22423.88,17144,5279.88,3363.58
396791,2025-06-30,470,145,232,3,0,Mada,Store,Pending,17,5477.0,4193,Abha,Abha,16431.0,12579,3852.0,2464.65
398217,2025-06-09,965,214,186,3,5,Mada,Online,Completed,15,4906.43,3889,Jeddah,Dammam,13983.33,11667,2316.33,2097.5
347719,2025-02-22,620,292,254,1,10,Mada,Store,Cancelled,10,506.31,405,Makkah,Makkah,455.68,405,50.68,68.35
70665,2022-11-03,92,43,168,2,5,Mastercard,Store,Completed,11,6189.19,4842,Madinah,Madinah,11759.46,9684,2075.46,1763.92
234867,2024-05-08,871,257,26,5,0,STC Pay,Store,Returned,12,2264.78,1854,Madinah,Madinah,11323.9,9270,2053.9,1698.58
240900,2024-05-02,885,297,6,1,0,Mada,Store,Completed,20,550.28,407,Taif,Taif,550.28,407,143.28,82.54
249276,2024-06-27,666,230,221,5,0,STC Pay,Store,Returned,3,5370.14,4454,Riyadh,Riyadh,26850.7,22270,4580.7,4027.6
144987,2023-09-18,34,280,88,3,0,Mastercard,Online,Completed,8,3532.98,2757,Madinah,Jeddah,10598.94,8271,2327.94,1589.84
242704,2024-06-16,770,51,154,4,0,Visa,Online,Cancelled,13,6500.84,4883,Tabuk,Khobar,26003.36,19532,6471.36,3900.5
243421,2024-06-07,164,114,155,3,20,STC Pay,Store,Returned,15,4229.07,3415,Dammam,Dammam,10149.77,10245,-95.23,1522.47
264058,2024-08-13,727,238,143,4,5,STC Pay,Store,Completed,20,6491.48,5366,Taif,Taif,24667.62,21464,3203.62,3700.14
149572,2023-09-15,560,221,147,5,0,Visa,Store,Completed,9,6731.39,5528,Makkah,Makkah,33656.95,27640,6016.95,5048.54
76185,2022-12-25,422,260,248,2,5,STC Pay,Store,Completed,6,3445.44,2540,Jeddah,Jeddah,6546.34,5080,1466.34,981.95
203089,2024-02-05,190,59,121,2,0,Mastercard,Online,Returned,10,3453.09,2705,Madinah,Makkah,6906.18,5410,1496.18,1035.93
123322,2023-06-15,808,192,175,1,10,Cash,Online,Completed,14,3823.31,2968,Jeddah,Khobar,3440.98,2968,472.98,516.15
205761,2024-02-14,983,194,168,1,10,Visa,Store,Completed,20,5230.73,3748,Taif,Taif,4707.66,3748,959.66,706.15
142529,2023-08-17,191,100,178,4,10,Apple Pay,Store,Completed,20,4495.51,3323,Taif,Taif,16183.84,13292,2891.84,2427.58
118475,2023-05-10,331,261,112,4,0,Mastercard,Store,Completed,12,9058.48,6563,Madinah,Madinah,36233.92,26252,9981.92,5435.09
86619,2023-02-05,102,264,121,5,0,Mada,Store,Pending,16,5710.84,4635,Dammam,Dammam,28554.2,23175,5379.2,4283.13
17033,2022-04-01,717,110,136,5,5,Apple Pay,Store,Cancelled,12,5506.65,4294,Madinah,Madinah,26156.59,21470,4686.59,3923.49
8907,2022-02-05,539,143,199,5,5,Mastercard,Store,Cancelled,1,3170.38,2470,Riyadh,Riyadh,15059.3,12350,2709.3,2258.9
42786,2022-08-01,721,109,28,1,0,Mada,Store,Completed,11,3685.22,2969,Madinah,Madinah,3685.22,2969,716.22,552.78
186743,2023-12-22,900,156,177,5,0,STC Pay,Store,Completed,16,3252.82,2583,Dammam,Dammam,16264.1,12915,3349.1,2439.61
403707,2025-06-15,815,230,233,1,5,Mada,Online,Completed,19,5370.14,4454,Madinah,Tabuk,5101.63,4454,647.63,765.24
78074,2022-12-04,481,171,244,3,0,STC Pay,Store,Completed,5,4706.07,3647,Jeddah,Jeddah,14118.21,10941,3177.21,2117.73
475417,2025-11-20,11,246,232,5,0,Mastercard,Store,Completed,14,5821.87,4261,Khobar,Khobar,29109.35,21305,7804.35,4366.4
323879,2024-12-13,741,189,157,2,10,Visa,Online,Completed,13,5835.22,4642,Riyadh,Khobar,10503.4,9284,1219.4,1575.51
297748,2024-11-27,605,258,138,5,0,Apple Pay,Store,Cancelled,18,2891.68,2235,Jazan,Jazan,14458.4,11175,3283.4,2168.76
466496,2025-11-20,240,233,20,3,5,Mastercard,Store,Completed,9,8855.91,6349,Makkah,Makkah,25239.34,19047,6192.34,3785.9
311000,2024-11-25,156,113,183,3,10,STC Pay,Store,Returned,17,4675.83,3683,Abha,Abha,12624.74,11049,1575.74,1893.71
302077,2024-11-09,469,68,34,1,0,Mastercard,Online,Cancelled,3,3470.93,2604,Jeddah,Riyadh,3470.93,2604,866.93,520.64
327664,2024-12-22,574,16,223,3,10,Cash,Online,Completed,18,3785.36,3136,Madinah,Jazan,10220.47,9408,812.47,1533.07
298834,2024-11-21,781,108,129,2,15,Visa,Online,Cancelled,10,7202.24,5290,Khobar,Makkah,12243.81,10580,1663.81,1836.57
323937,2024-12-03,574,2,171,2,5,STC Pay,Store,Completed,12,4862.3,3905,Madinah,Madinah,9238.37,7810,1428.37,1385.76
309858,2024-11-14,620,245,10,4,0,STC Pay,Store,Completed,10,4619.53,3785,Makkah,Makkah,18478.12,15140,3338.12,2771.72
463720,2025-11-01,771,297,180,5,5,Mastercard,Store,Completed,9,550.28,407,Makkah,Makkah,2613.83,2035,578.83,392.07
218750,2024-03-15,858,87,140,5,10,Mada,Online,Completed,11,6529.87,5403,Tabuk,Madinah,29384.42,27015,2369.42,4407.66
284266,2024-10-31,632,102,71,5,0,Visa,Online,Cancelled,6,7123.39,5552,Madinah,Jeddah,35616.95,27760,7856.95,5342.54
374108,2025-04-05,398,189,15,2,0,Mada,Store,Completed,9,5835.22,4642,Makkah,Makkah,11670.44,9284,2386.44,1750.57
360270,2025-03-14,600,290,34,3,0,Cash,Store,Completed,14,2978.67,2234,Khobar,Khobar,8936.01,6702,2234.01,1340.4
443366,2025-10-27,60,172,113,2,0,STC Pay,Store,Returned,12,7232.9,5207,Madinah,Madinah,14465.8,10414,4051.8,2169.87
452182,2025-10-03,738,140,176,1,0,Visa,Store,Completed,19,3377.12,2509,Tabuk,Tabuk,3377.12,2509,868.12,506.57
444495,2025-10-21,717,162,91,1,10,STC Pay,Store,Pending,12,6695.21,5104,Madinah,Madinah,6025.69,5104,921.69,903.85
213136,2024-03-27,135,209,90,2,5,Mastercard,Online,Returned,8,7235.93,5200,Abha,Jeddah,13748.27,10400,3348.27,2062.24
433411,2025-09-16,405,43,203,3,0,Mastercard,Online,Cancelled,16,6189.19,4842,Tabuk,Dammam,18567.57,14526,4041.57,2785.14
289626,2024-10-05,881,142,10,3,5,Mada,Online,Cancelled,1,6769.82,4873,Abha,Riyadh,19293.99,14619,4674.99,2894.1
450380,2025-10-09,962,127,47,3,10,Mastercard,Store,Completed,14,7016.66,5471,Khobar,Khobar,18944.98,16413,2531.98,2841.75
209163,2024-03-10,327,205,206,3,0,Mada,Store,Pending,13,4321.38,3352,Khobar,Khobar,12964.14,10056,2908.14,1944.62
214265,2024-03-14,411,162,19,2,10,Cash,Store,Completed,4,6695.21,5104,Riyadh,Riyadh,12051.38,10208,1843.38,1807.71
212802,2024-03-28,65,82,43,4,0,Mastercard,Online,Pending,4,3961.49,3226,Riyadh,Riyadh,15845.96,12904,2941.96,2376.89
182803,2023-12-21,949,191,66,4,5,Cash,Store,Returned,19,4188.86,3424,Tabuk,Tabuk,15917.67,13696,2221.67,2387.65
395208,2025-06-13,347,246,240,3,5,Apple Pay,Store,Pending,20,5821.87,4261,Taif,Taif,16592.33,12783,3809.33,2488.85
185429,2023-12-13,896,283,55,2,0,Apple Pay,Store,Pending,18,1175.65,919,Jazan,Jazan,2351.3,1838,513.3,352.7
401276,2025-06-14,164,31,162,5,5,Mada,Store,Completed,15,6242.52,5061,Dammam,Dammam,29651.97,25305,4346.97,4447.8
390725,2025-05-31,46,271,16,3,20,Visa,Online,Completed,2,9843.22,7469,Madinah,Riyadh,23623.73,22407,1216.73,3543.56
227804,2024-04-14,538,182,239,5,0,Visa,Store,Pending,17,5130.26,3854,Abha,Abha,25651.3,19270,6381.3,3847.7
189799,2023-12-25,31,47,222,5,5,Apple Pay,Online,Completed,18,3280.13,2728,Jeddah,Jazan,15580.62,13640,1940.62,2337.09
396716,2025-06-07,966,87,230,4,10,Visa,Store,Pending,15,6529.87,5403,Dammam,Dammam,23507.53,21612,1895.53,3526.13
426990,2025-08-28,529,132,68,5,5,Apple Pay,Online,Pending,6,5466.05,3918,Jazan,Jeddah,25963.74,19590,6373.74,3894.56
188214,2023-12-07,144,118,27,1,0,STC Pay,Store,Completed,3,5708.72,4393,Riyadh,Riyadh,5708.72,4393,1315.72,856.31
185961,2023-12-14,420,140,131,5,0,Visa,Store,Completed,17,3377.12,2509,Abha,Abha,16885.6,12545,4340.6,2532.84
103520,2023-04-04,675,82,33,1,5,Visa,Store,Pending,2,3961.49,3226,Riyadh,Riyadh,3763.42,3226,537.42,564.51
106043,2023-04-08,606,201,43,5,0,Cash,Store,Completed,16,4150.46,3052,Dammam,Dammam,20752.3,15260,5492.3,3112.84
282018,2024-09-12,126,110,28,1,0,STC Pay,Online,Returned,2,5506.65,4294,Abha,Riyadh,5506.65,4294,1212.65,826.0
103805,2023-04-26,737,108,74,4,10,Mastercard,Store,Completed,14,7202.24,5290,Khobar,Khobar,25928.06,21160,4768.06,3889.21
336402,2025-01-03,333,197,166,5,10,STC Pay,Store,Pending,19,6084.9,4495,Tabuk,Tabuk,27382.05,22475,4907.05,4107.31
108628,2023-04-13,600,286,240,5,0,Mada,Store,Completed,13,2759.39,1978,Khobar,Khobar,13796.95,9890,3906.95,2069.54
70866,2022-11-11,65,57,148,2,0,STC Pay,Store,Cancelled,2,5618.79,4198,Riyadh,Riyadh,11237.58,8396,2841.58,1685.64
62893,2022-11-29,32,214,39,3,15,Mastercard,Store,Completed,8,4906.43,3889,Jeddah,Jeddah,12511.4,11667,844.4,1876.71
105082,2023-04-14,237,159,20,3,0,Visa,Store,Completed,18,3484.08,2674,Jazan,Jazan,10452.24,8022,2430.24,1567.84
258780,2024-07-24,765,279,198,2,5,Cash,Online,Cancelled,16,2361.86,1766,Madinah,Dammam,4487.53,3532,955.53,673.13
244473,2024-06-12,316,251,35,5,0,Visa,Online,Completed,3,8364.13,6070,Riyadh,Riyadh,41820.65,30350,11470.65,6273.1
263680,2024-08-17,882,135,156,2,5,Apple Pay,Store,Returned,6,5138.14,4163,Jeddah,Jeddah,9762.47,8326,1436.47,1464.37
95311,2023-03-05,910,4,47,1,10,Mada,Store,Completed,16,5648.59,4505,Dammam,Dammam,5083.73,4505,578.73,762.56
237543,2024-05-16,762,6,134,3,0,Visa,Store,Completed,12,5939.18,4429,Madinah,Madinah,17817.54,13287,4530.54,2672.63
239295,2024-05-15,151,62,155,5,15,Visa,Store,Returned,16,5014.42,4058,Dammam,Dammam,21311.28,20290,1021.28,3196.69
204230,2024-02-17,845,266,6,3,0,Cash,Store,Cancelled,4,2816.57,2309,Riyadh,Riyadh,8449.71,6927,1522.71,1267.46
121234,2023-06-30,783,208,125,1,0,Cash,Store,Completed,19,3092.9,2542,Tabuk,Tabuk,3092.9,2542,550.9,463.94
73105,2022-12-09,461,95,202,1,15,Mada,Store,Completed,18,5906.29,4870,Jazan,Jazan,5020.35,4870,150.35,753.05
134680,2023-07-30,444,115,73,2,10,Apple Pay,Online,Pending,6,6342.82,4985,Dammam,Jeddah,11417.08,9970,1447.08,1712.56
123312,2023-06-05,728,165,61,1,20,Mada,Store,Pending,8,7278.93,5531,Jeddah,Jeddah,5823.14,5531,292.14,873.47
201030,2024-02-11,17,163,102,3,10,Mada,Store,Completed,17,7254.5,5355,Abha,Abha,19587.15,16065,3522.15,2938.07
132462,2023-07-17,79,40,48,4,0,Mastercard,Store,Completed,18,5424.43,3899,Jazan,Jazan,21697.72,15596,6101.72,3254.66
59347,2022-10-10,173,45,33,3,0,Visa,Online,Completed,3,5117.8,3832,Khobar,Riyadh,15353.4,11496,3857.4,2303.01
29159,2022-05-18,131,211,73,1,0,Apple Pay,Online,Completed,6,6311.55,4545,Dammam,Jeddah,6311.55,4545,1766.55,946.73
51610,2022-09-30,964,215,224,2,0,Mastercard,Store,Completed,17,5779.57,4747,Abha,Abha,11559.14,9494,2065.14,1733.87
88237,2023-02-28,725,71,164,1,10,Visa,Store,Pending,14,5425.39,4236,Khobar,Khobar,4882.85,4236,646.85,732.43
38393,2022-07-31,670,299,176,4,0,STC Pay,Online,Completed,14,2033.84,1565,Khobar,Khobar,8135.36,6260,1875.36,1220.3
103562,2023-04-15,950,44,37,5,5,STC Pay,Store,Cancelled,15,6854.91,5202,Dammam,Dammam,32560.82,26010,6550.82,4884.12
101698,2023-03-18,738,68,253,1,0,Apple Pay,Store,Cancelled,19,3470.93,2604,Tabuk,Tabuk,3470.93,2604,866.93,520.64
95909,2023-03-11,485,40,190,4,0,Apple Pay,Store,Returned,12,5424.43,3899,Madinah,Madinah,21697.72,15596,6101.72,3254.66
33227,2022-06-15,622,95,115,3,10,Visa,Store,Completed,15,5906.29,4870,Dammam,Dammam,15946.98,14610,1336.98,2392.05
163429,2023-11-20,953,179,249,1,0,Visa,Store,Completed,1,7270.61,5471,Riyadh,Riyadh,7270.61,5471,1799.61,1090.59
467187,2025-11-19,333,220,44,3,0,Mastercard,Store,Completed,19,6429.1,4601,Tabuk,Tabuk,19287.3,13803,5484.3,2893.1
488574,2025-12-30,510,123,255,1,15,Apple Pay,Store,Cancelled,5,3332.02,2569,Jeddah,Jeddah,2832.22,2569,263.22,424.83
326728,2024-12-31,586,3,222,3,0,Mada,Online,Completed,18,3262.66,2480,Riyadh,Jazan,9787.98,7440,2347.98,1468.2
174751,2023-11-26,472,97,229,2,10,STC Pay,Store,Cancelled,16,3685.29,2708,Dammam,Dammam,6633.52,5416,1217.52,995.03
312729,2024-11-20,105,182,149,3,5,STC Pay,Online,Returned,12,5130.26,3854,Jeddah,Madinah,14621.24,11562,3059.24,2193.19
310077,2024-11-19,717,33,68,5,0,STC Pay,Store,Completed,12,3540.73,2925,Madinah,Madinah,17703.65,14625,3078.65,2655.55
492565,2025-12-28,233,156,129,3,5,Mastercard,Online,Returned,10,3252.82,2583,Makkah,Makkah,9270.54,7749,1521.54,1390.58
173513,2023-11-12,537,126,235,1,10,Visa,Store,Completed,5,3670.42,2901,Jeddah,Jeddah,3303.38,2901,402.38,495.51
436730,2025-09-01,532,253,68,4,0,Apple Pay,Store,Completed,18,4257.34,3421,Jazan,Jazan,17029.36,13684,3345.36,2554.4
352907,2025-03-11,643,296,223,4,5,Mada,Store,Pending,6,1081.65,879,Jeddah,Jeddah,4110.27,3516,594.27,616.54
352997,2025-03-14,219,158,138,5,0,STC Pay,Online,Completed,11,6389.87,5254,Jeddah,Madinah,31949.35,26270,5679.35,4792.4
451566,2025-10-13,447,289,116,3,5,Apple Pay,Online,Completed,10,2171.48,1607,Jeddah,Makkah,6188.72,4821,1367.72,928.31
215835,2024-03-05,42,128,153,3,5,Mastercard,Online,Pending,12,4072.91,3353,Abha,Madinah,11607.79,10059,1548.79,1741.17
446544,2025-10-23,316,297,92,3,0,STC Pay,Store,Completed,4,550.28,407,Riyadh,Riyadh,1650.84,1221,429.84,247.63
357748,2025-03-07,346,158,90,1,0,Mastercard,Store,Returned,11,6389.87,5254,Madinah,Madinah,6389.87,5254,1135.87,958.48
214691,2024-03-28,733,56,115,3,0,Mada,Store,Completed,9,5963.21,4307,Makkah,Makkah,17889.63,12921,4968.63,2683.44
380074,2025-04-13,261,152,196,2,10,Visa,Online,Pending,16,5575.64,4313,Khobar,Dammam,10036.15,8626,1410.15,1505.42
435808,2025-09-26,587,1,198,1,15,Apple Pay,Store,Completed,11,5827.97,4536,Madinah,Madinah,4953.77,4536,417.77,743.07
357480,2025-03-03,803,251,161,2,0,Cash,Online,Cancelled,13,8364.13,6070,Khobar,Khobar,16728.26,12140,4588.26,2509.24
372489,2025-04-18,490,171,2,3,0,Apple Pay,Store,Cancelled,10,4706.07,3647,Makkah,Makkah,14118.21,10941,3177.21,2117.73
399002,2025-06-11,853,154,114,4,15,Mada,Store,Completed,12,5833.74,4351,Madinah,Madinah,19834.72,17404,2430.72,2975.21
415496,2025-07-23,174,63,194,3,0,Mastercard,Store,Completed,5,3975.4,3039,Jeddah,Jeddah,11926.2,9117,2809.2,1788.93
402707,2025-06-03,218,84,185,2,5,Apple Pay,Online,Completed,15,4901.32,4042,Taif,Dammam,9312.51,8084,1228.51,1396.88
415568,2025-07-07,413,266,213,2,20,Mastercard,Store,Completed,8,2816.57,2309,Jeddah,Jeddah,4506.51,4618,-111.49,675.98
421222,2025-08-10,15,88,234,2,5,Mada,Online,Completed,19,6838.0,5128,Khobar,Tabuk,12992.2,10256,2736.2,1948.83
407035,2025-07-18,9,4,116,3,5,Mada,Online,Completed,10,5648.59,4505,Khobar,Makkah,16098.48,13515,2583.48,2414.77
406428,2025-07-08,27,131,45,4,10,Cash,Store,Cancelled,18,3884.98,3008,Jazan,Jazan,13985.93,12032,1953.93,2097.89
423888,2025-08-29,457,277,246,4,0,Cash,Store,Returned,13,9260.25,7665,Khobar,Khobar,37041.0,30660,6381.0,5556.15
398338,2025-06-28,569,267,93,5,15,STC Pay,Store,Completed,11,2433.95,1864,Madinah,Madinah,10344.29,9320,1024.29,1551.64
159520,2023-10-18,769,75,206,4,0,Visa,Online,Returned,17,6212.48,5100,Riyadh,Abha,24849.92,20400,4449.92,3727.49
280018,2024-09-10,907,118,53,1,5,Mastercard,Online,Completed,4,5708.72,4393,Tabuk,Riyadh,5423.28,4393,1030.28,813.49
161603,2023-10-28,263,245,91,1,20,Apple Pay,Store,Completed,10,4619.53,3785,Makkah,Makkah,3695.62,3785,-89.38,554.34
281785,2024-09-08,809,93,246,5,0,Cash,Store,Returned,15,4185.21,3155,Dammam,Dammam,20926.05,15775,5151.05,3138.91
67022,2022-11-29,368,57,92,2,0,Cash,Store,Cancelled,19,5618.79,4198,Tabuk,Tabuk,11237.58,8396,2841.58,1685.64
157585,2023-10-04,59,261,241,2,0,STC Pay,Store,Completed,10,9058.48,6563,Makkah,Makkah,18116.96,13126,4990.96,2717.54
93562,2023-03-19,694,224,1,1,0,Cash,Store,Completed,2,5428.93,3973,Riyadh,Riyadh,5428.93,3973,1455.93,814.34
255388,2024-07-11,474,246,148,4,0,STC Pay,Store,Pending,12,5821.87,4261,Madinah,Madinah,23287.48,17044,6243.48,3493.12
95154,2023-03-19,696,83,253,2,20,STC Pay,Store,Completed,11,7553.3,5398,Madinah,Madinah,12085.28,10796,1289.28,1812.79
269632,2024-08-07,442,112,153,1,10,Apple Pay,Online,Completed,12,5946.88,4497,Dammam,Madinah,5352.19,4497,855.19,802.83
265045,2024-08-21,333,249,140,2,0,Mastercard,Store,Returned,19,4881.0,3525,Tabuk,Tabuk,9762.0,7050,2712.0,1464.3
259570,2024-07-28,662,230,171,3,10,Mastercard,Store,Completed,14,5370.14,4454,Khobar,Khobar,14499.38,13362,1137.38,2174.91
122854,2023-06-16,539,107,108,5,20,Mastercard,Online,Returned,9,6750.66,5119,Riyadh,Makkah,27002.64,25595,1407.64,4050.4
130773,2023-07-02,842,298,53,5,10,Mastercard,Store,Returned,20,1654.71,1218,Taif,Taif,7446.2,6090,1356.2,1116.93
53219,2022-10-31,221,207,242,3,5,Mastercard,Store,Cancelled,1,5731.84,4606,Riyadh,Riyadh,16335.74,13818,2517.74,2450.36
24869,2022-05-15,471,133,9,5,5,Cash,Store,Pending,20,3584.27,2971,Taif,Taif,17025.28,14855,2170.28,2553.79
87281,2023-02-03,711,173,72,2,10,Apple Pay,Store,Completed,19,5265.52,4325,Tabuk,Tabuk,9477.94,8650,827.94,1421.69
47356,2022-09-15,47,39,39,5,20,Mastercard,Store,Completed,11,3192.58,2618,Madinah,Madinah,12770.32,13090,-319.68,1915.55
23676,2022-04-27,92,55,258,2,5,Cash,Store,Returned,11,4728.64,3656,Madinah,Madinah,8984.42,7312,1672.42,1347.66
7154,2022-02-26,258,13,236,5,0,Mada,Store,Cancelled,8,3226.67,2494,Jeddah,Jeddah,16133.35,12470,3663.35,2420.0
178344,2023-12-16,853,215,172,5,20,Mada,Online,Cancelled,14,5779.57,4747,Madinah,Khobar,23118.28,23735,-616.72,3467.74
331525,2025-01-22,89,256,198,5,5,STC Pay,Store,Cancelled,18,1527.02,1127,Jazan,Jazan,7253.34,5635,1618.34,1088.0
98345,2023-03-28,726,157,27,1,0,Cash,Store,Returned,14,6487.48,4958,Khobar,Khobar,6487.48,4958,1529.48,973.12
236750,2024-05-05,261,133,21,2,10,STC Pay,Store,Completed,14,3584.27,2971,Khobar,Khobar,6451.69,5942,509.69,967.75
234746,2024-05-03,303,175,225,3,0,Apple Pay,Store,Completed,19,3921.21,3124,Tabuk,Tabuk,11763.63,9372,2391.63,1764.54
26949,2022-05-25,732,66,237,5,10,Mastercard,Store,Cancelled,13,6444.99,4790,Khobar,Khobar,29002.46,23950,5052.46,4350.37
43182,2022-08-24,274,27,54,4,0,STC Pay,Store,Completed,18,4338.0,3190,Jazan,Jazan,17352.0,12760,4592.0,2602.8
38886,2022-07-17,385,228,62,4,10,Mada,Store,Pending,17,6828.04,4908,Abha,Abha,24580.94,19632,4948.94,3687.14
313580,2024-11-22,554,121,255,3,15,Visa,Online,Cancelled,20,7170.74,5556,Jeddah,Taif,18285.39,16668,1617.39,2742.81
485787,2025-12-16,607,285,226,3,10,STC Pay,Online,Completed,18,1220.2,905,Madinah,Jazan,3294.54,2715,579.54,494.18
167275,2023-11-30,684,271,96,1,0,Mada,Online,Completed,8,9843.22,7469,Madinah,Jeddah,9843.22,7469,2374.22,1476.48
470131,2025-11-03,112,125,107,2,0,Cash,Store,Returned,12,4859.23,3785,Madinah,Madinah,9718.46,7570,2148.46,1457.77
302997,2024-11-30,982,245,198,2,0,Mada,Store,Completed,19,4619.53,3785,Tabuk,Tabuk,9239.06,7570,1669.06,1385.86
165066,2023-11-02,108,262,249,4,10,Cash,Online,Pending,20,5581.89,4629,Dammam,Taif,20094.8,18516,1578.8,3014.22
323688,2024-12-24,938,19,181,1,5,Mada,Store,Completed,17,5804.71,4796,Abha,Abha,5514.47,4796,718.47,827.17
458784,2025-11-14,346,97,93,5,0,STC Pay,Online,Completed,8,3685.29,2708,Madinah,Jeddah,18426.45,13540,4886.45,2763.97
468319,2025-11-24,2,254,81,2,0,Apple Pay,Store,Pending,8,2495.22,1978,Jeddah,Jeddah,4990.44,3956,1034.44,748.57
492467,2025-12-17,227,105,137,1,0,Apple Pay,Store,Cancelled,14,3724.88,3096,Khobar,Khobar,3724.88,3096,628.88,558.73
310748,2024-11-14,74,62,254,1,0,Mada,Store,Completed,20,5014.42,4058,Taif,Taif,5014.42,4058,956.42,752.16
499976,2025-12-24,229,16,155,4,5,Cash,Store,Completed,6,3785.36,3136,Jeddah,Jeddah,14384.37,12544,1840.37,2157.66
295915,2024-11-07,196,47,209,1,0,Visa,Store,Cancelled,8,3280.13,2728,Jeddah,Jeddah,3280.13,2728,552.13,492.02
455800,2025-10-06,43,214,69,1,0,Mastercard,Store,Completed,3,4906.43,3889,Riyadh,Riyadh,4906.43,3889,1017.43,735.96
358395,2025-03-07,202,186,75,1,5,Mada,Store,Pending,19,4376.18,3514,Tabuk,Tabuk,4157.37,3514,643.37,623.61
453922,2025-10-28,337,253,27,5,5,Cash,Store,Returned,15,4257.34,3421,Dammam,Dammam,20222.36,17105,3117.36,3033.35
211329,2024-03-10,334,94,47,4,0,STC Pay,Online,Pending,4,3677.44,2848,Madinah,Riyadh,14709.76,11392,3317.76,2206.46
362769,2025-03-21,265,296,148,5,10,Cash,Online,Completed,12,1081.65,879,Makkah,Madinah,4867.42,4395,472.42,730.11
372289,2025-04-01,707,275,227,2,0,STC Pay,Online,Completed,18,6802.0,5566,Riyadh,Jazan,13604.0,11132,2472.0,2040.6
366101,2025-04-26,974,90,225,3,0,Apple Pay,Online,Completed,18,3314.25,2745,Makkah,Jazan,9942.75,8235,1707.75,1491.41
429241,2025-09-02,361,148,256,3,0,STC Pay,Store,Cancelled,11,6979.37,5447,Madinah,Madinah,20938.11,16341,4597.11,3140.72
386691,2025-05-18,613,39,70,3,20,Visa,Store,Completed,8,3192.58,2618,Jeddah,Jeddah,7662.19,7854,-191.81,1149.33
413734,2025-07-18,7,282,201,4,5,Visa,Store,Returned,14,2464.3,1994,Khobar,Khobar,9364.34,7976,1388.34,1404.65
189138,2023-12-02,904,21,195,4,0,Cash,Store,Cancelled,9,3415.09,2787,Makkah,Makkah,13660.36,11148,2512.36,2049.05
409411,2025-07-07,445,149,64,5,15,STC Pay,Store,Pending,16,4933.38,3918,Dammam,Dammam,20966.87,19590,1376.87,3145.03
229975,2024-04-18,655,10,81,3,5,Visa,Online,Completed,7,4471.17,3454,Jeddah,Jeddah,12742.83,10362,2380.83,1911.42
404925,2025-07-07,341,228,249,2,5,Apple Pay,Store,Returned,18,6828.04,4908,Jazan,Jazan,12973.28,9816,3157.28,1945.99
155404,2023-10-11,90,221,90,2,0,Mastercard,Store,Pending,20,6731.39,5528,Taif,Taif,13462.78,11056,2406.78,2019.42
104766,2023-04-16,418,124,115,1,0,Cash,Store,Pending,9,4588.03,3413,Makkah,Makkah,4588.03,3413,1175.03,688.2
70951,2022-11-07,677,178,247,3,0,Cash,Store,Completed,20,3871.4,2990,Taif,Taif,11614.2,8970,2644.2,1742.13
158208,2023-10-04,610,272,234,1,15,Mada,Store,Returned,17,11719.96,9595,Abha,Abha,9961.97,9595,366.97,1494.3
161702,2023-10-07,39,124,83,2,0,Apple Pay,Store,Returned,19,4588.03,3413,Tabuk,Tabuk,9176.06,6826,2350.06,1376.41
238848,2024-05-27,801,188,66,3,0,Cash,Store,Completed,20,4144.59,3131,Taif,Taif,12433.77,9393,3040.77,1865.07
256097,2024-07-13,53,112,201,2,5,STC Pay,Online,Cancelled,16,5946.88,4497,Dammam,Dammam,11299.07,8994,2305.07,1694.86
94961,2023-03-02,682,58,70,1,5,Mada,Online,Returned,6,4221.68,3113,Taif,Jeddah,4010.6,3113,897.6,601.59
232264,2024-05-10,162,144,131,4,10,Mada,Store,Completed,7,5894.49,4377,Jeddah,Jeddah,21220.16,17508,3712.16,3183.02
263361,2024-08-24,159,60,237,4,10,Apple Pay,Online,Completed,19,4878.66,3507,Jazan,Tabuk,17563.18,14028,3535.18,2634.48
73236,2022-12-17,644,280,143,4,0,Apple Pay,Online,Cancelled,12,3532.98,2757,Tabuk,Madinah,14131.92,11028,3103.92,2119.79
192204,2024-01-21,716,232,174,3,15,STC Pay,Store,Pending,20,8385.55,6386,Taif,Taif,21383.15,19158,2225.15,3207.47
72828,2022-12-23,246,213,170,3,0,Visa,Store,Cancelled,15,5137.78,4031,Dammam,Dammam,15413.34,12093,3320.34,2312.0
204872,2024-02-17,918,141,233,2,0,STC Pay,Store,Completed,17,4877.16,3790,Abha,Abha,9754.32,7580,2174.32,1463.15
75970,2022-12-26,991,267,207,4,10,Mada,Online,Completed,17,2433.95,1864,Madinah,Abha,8762.22,7456,1306.22,1314.33
121612,2023-06-09,84,107,154,2,0,Apple Pay,Store,Cancelled,18,6750.66,5119,Jazan,Jazan,13501.32,10238,3263.32,2025.2
25515,2022-05-02,791,1,184,3,0,Apple Pay,Online,Completed,15,5827.97,4536,Khobar,Dammam,17483.91,13608,3875.91,2622.59
47152,2022-09-17,839,152,114,2,0,Cash,Store,Pending,10,5575.64,4313,Makkah,Makkah,11151.28,8626,2525.28,1672.69
25024,2022-05-17,780,201,109,5,0,Cash,Online,Completed,9,4150.46,3052,Jeddah,Makkah,20752.3,15260,5492.3,3112.84
83205,2023-01-15,198,257,255,5,0,Mada,Store,Cancelled,1,2264.78,1854,Riyadh,Riyadh,11323.9,9270,2053.9,1698.58
48581,2022-09-30,735,297,4,2,5,Mada,Store,Completed,15,550.28,407,Dammam,Dammam,1045.53,814,231.53,156.83
37341,2022-07-09,865,57,168,5,0,Visa,Store,Returned,17,5618.79,4198,Abha,Abha,28093.95,20990,7103.95,4214.09
42116,2022-08-12,245,261,169,3,20,Mada,Store,Pending,10,9058.48,6563,Makkah,Makkah,21740.35,19689,2051.35,3261.05
46332,2022-08-08,972,209,95,2,10,Mada,Online,Completed,8,7235.93,5200,Jazan,Jeddah,13024.67,10400,2624.67,1953.7
43817,2022-08-26,904,255,66,5,15,Mastercard,Store,Completed,9,1761.68,1371,Makkah,Makkah,7487.14,6855,632.14,1123.07
342847,2025-02-26,132,217,31,5,0,Mastercard,Store,Completed,20,7571.21,5431,Taif,Taif,37856.05,27155,10701.05,5678.41
199148,2024-02-19,802,258,252,5,5,Mada,Online,Completed,20,2891.68,2235,Madinah,Taif,13735.48,11175,2560.48,2060.32
141966,2023-08-10,267,74,18,1,5,Mada,Store,Returned,7,6607.88,5242,Jeddah,Jeddah,6277.49,5242,1035.49,941.62
480087,2025-11-02,256,179,15,3,0,STC Pay,Store,Completed,19,7270.61,5471,Tabuk,Tabuk,21811.83,16413,5398.83,3271.77
315560,2024-12-19,976,289,99,5,10,Mastercard,Store,Completed,18,2171.48,1607,Jazan,Jazan,9771.66,8035,1736.66,1465.75
175359,2023-11-23,447,75,171,2,5,STC Pay,Store,Returned,8,6212.48,5100,Jeddah,Jeddah,11803.71,10200,1603.71,1770.56
176368,2023-11-28,951,9,158,1,0,STC Pay,Online,Returned,13,5551.86,4567,Jeddah,Khobar,5551.86,4567,984.86,832.78
466613,2025-11-18,658,241,207,1,15,Mada,Store,Pending,5,6998.9,5092,Jeddah,Jeddah,5949.06,5092,857.06,892.36
486677,2025-12-14,422,94,39,5,0,Visa,Store,Pending,7,3677.44,2848,Jeddah,Jeddah,18387.2,14240,4147.2,2758.08
213693,2024-03-06,529,242,171,3,0,Cash,Store,Completed,18,6606.66,5419,Jazan,Jazan,19819.98,16257,3562.98,2973.0
447407,2025-10-13,325,44,32,2,15,Cash,Store,Completed,19,6854.91,5202,Tabuk,Tabuk,11653.35,10404,1249.35,1748.0
444199,2025-10-12,782,44,60,5,0,STC Pay,Store,Completed,11,6854.91,5202,Madinah,Madinah,34274.55,26010,8264.55,5141.18
378546,2025-04-08,210,135,4,4,10,Mada,Store,Returned,18,5138.14,4163,Jazan,Jazan,18497.3,16652,1845.3,2774.6
438053,2025-09-04,790,16,67,5,10,Mastercard,Store,Completed,19,3785.36,3136,Tabuk,Tabuk,17034.12,15680,1354.12,2555.12
385677,2025-05-18,963,192,160,2,0,Mastercard,Store,Cancelled,19,3823.31,2968,Tabuk,Tabuk,7646.62,5936,1710.62,1146.99
418876,2025-08-11,61,296,70,4,0,Apple Pay,Store,Completed,10,1081.65,879,Makkah,Makkah,4326.6,3516,810.6,648.99
414544,2025-07-08,918,135,76,5,10,Mastercard,Store,Completed,17,5138.14,4163,Abha,Abha,23121.63,20815,2306.63,3468.24
422459,2025-08-08,935,270,107,2,0,STC Pay,Store,Returned,19,8057.13,5880,Tabuk,Tabuk,16114.26,11760,4354.26,2417.14
223311,2024-04-10,678,162,55,4,20,Visa,Store,Cancelled,17,6695.21,5104,Abha,Abha,21424.67,20416,1008.67,3213.7
189710,2023-12-24,312,194,104,4,0,STC Pay,Store,Completed,11,5230.73,3748,Madinah,Madinah,20922.92,14992,5930.92,3138.44
179555,2023-12-05,781,27,245,1,0,Apple Pay,Online,Pending,19,4338.0,3190,Khobar,Tabuk,4338.0,3190,1148.0,650.7
227872,2024-04-08,842,24,142,4,20,Apple Pay,Online,Returned,12,3838.14,2906,Taif,Madinah,12282.05,11624,658.05,1842.31
423885,2025-08-02,757,285,78,1,0,STC Pay,Online,Completed,7,1220.2,905,Madinah,Jeddah,1220.2,905,315.2,183.03
275430,2024-09-17,309,197,60,4,10,Apple Pay,Store,Returned,4,6084.9,4495,Riyadh,Riyadh,21905.64,17980,3925.64,3285.85
273832,2024-09-07,987,22,217,4,0,STC Pay,Store,Completed,10,4486.47,3588,Makkah,Makkah,17945.88,14352,3593.88,2691.88
344447,2025-02-11,433,103,77,4,10,Mastercard,Online,Completed,7,4024.16,3125,Khobar,Jeddah,14486.98,12500,1986.98,2173.05
339673,2025-01-26,254,220,33,5,0,Visa,Store,Cancelled,19,6429.1,4601,Tabuk,Tabuk,32145.5,23005,9140.5,4821.82
64203,2022-11-17,926,150,175,3,10,Cash,Store,Completed,20,5888.76,4415,Taif,Taif,15899.65,13245,2654.65,2384.95
258488,2024-07-26,459,200,191,1,0,Apple Pay,Store,Completed,17,5069.69,3637,Abha,Abha,5069.69,3637,1432.69,760.45
147242,2023-09-19,99,40,61,1,20,Visa,Store,Completed,4,5424.43,3899,Riyadh,Riyadh,4339.54,3899,440.54,650.93
151289,2023-09-06,981,37,221,5,0,Cash,Online,Pending,18,5031.93,3632,Jeddah,Jazan,25159.65,18160,6999.65,3773.95
254387,2024-07-21,85,16,161,2,0,Mastercard,Online,Completed,13,3785.36,3136,Dammam,Khobar,7570.72,6272,1298.72,1135.61
236425,2024-05-01,809,92,208,3,0,Apple Pay,Online,Pending,17,4615.85,3444,Dammam,Abha,13847.55,10332,3515.55,2077.13
248639,2024-06-08,839,3,94,2,0,Mastercard,Online,Pending,8,3262.66,2480,Makkah,Jeddah,6525.32,4960,1565.32,978.8
146740,2023-09-13,707,176,249,4,10,STC Pay,Online,Cancelled,20,4215.75,3066,Riyadh,Taif,15176.7,12264,2912.7,2276.5
149742,2023-09-19,725,295,110,2,0,Visa,Store,Completed,14,368.13,264,Khobar,Khobar,736.26,528,208.26,110.44
151534,2023-09-27,628,152,10,5,0,STC Pay,Online,Cancelled,1,5575.64,4313,Makkah,Riyadh,27878.2,21565,6313.2,4181.73
101080,2023-03-22,649,101,111,1,20,Visa,Store,Returned,4,4637.15,3824,Riyadh,Riyadh,3709.72,3824,-114.28,556.46
200419,2024-02-13,640,238,68,1,0,STC Pay,Store,Completed,19,6491.48,5366,Tabuk,Tabuk,6491.48,5366,1125.48,973.72
204421,2024-02-16,907,101,200,3,0,Cash,Online,Completed,16,4637.15,3824,Tabuk,Dammam,13911.45,11472,2439.45,2086.72
141307,2023-08-04,466,280,84,3,5,Apple Pay,Store,Completed,19,3532.98,2757,Tabuk,Tabuk,10068.99,8271,1797.99,1510.35
201587,2024-02-25,780,117,116,3,0,Cash,Store,Cancelled,8,3303.73,2667,Jeddah,Jeddah,9911.19,8001,1910.19,1486.68
72606,2022-12-22,763,167,63,5,0,Cash,Online,Pending,5,4611.03,3545,Tabuk,Jeddah,23055.15,17725,5330.15,3458.27
114056,2023-05-08,550,256,142,3,5,Visa,Online,Completed,12,1527.02,1127,Madinah,Madinah,4352.01,3381,971.01,652.8
201961,2024-02-12,658,141,108,1,0,STC Pay,Store,Cancelled,8,4877.16,3790,Jeddah,Jeddah,4877.16,3790,1087.16,731.57
194533,2024-01-24,501,64,182,5,0,Apple Pay,Store,Completed,1,6595.51,4964,Riyadh,Riyadh,32977.55,24820,8157.55,4946.63
58296,2022-10-24,829,228,19,4,5,Mastercard,Store,Completed,18,6828.04,4908,Jazan,Jazan,25946.55,19632,6314.55,3891.98
16705,2022-03-03,591,274,127,2,0,STC Pay,Store,Completed,17,3616.0,2674,Abha,Abha,7232.0,5348,1884.0,1084.8
9970,2022-03-19,669,169,123,2,5,Mada,Store,Completed,18,5774.59,4441,Jazan,Jazan,10971.72,8882,2089.72,1645.76
81321,2023-01-16,552,46,160,3,0,Mastercard,Online,Completed,13,5641.53,4693,Taif,Khobar,16924.59,14079,2845.59,2538.69
14103,2022-03-31,902,12,9,2,0,STC Pay,Online,Completed,1,6005.56,4961,Tabuk,Riyadh,12011.12,9922,2089.12,1801.67
38026,2022-07-19,275,132,93,4,0,Apple Pay,Store,Pending,1,5466.05,3918,Riyadh,Riyadh,21864.2,15672,6192.2,3279.63
30733,2022-06-10,622,8,256,5,0,Mastercard,Online,Returned,20,7323.65,5440,Dammam,Taif,36618.25,27200,9418.25,5492.74
34166,2022-06-05,461,281,56,2,0,STC Pay,Online,Completed,4,1067.31,774,Jazan,Riyadh,2134.62,1548,586.62,320.19
419695,2025-08-06,94,133,246,3,5,STC Pay,Store,Completed,19,3584.27,2971,Tabuk,Tabuk,10215.17,8913,1302.17,1532.28
112754,2023-04-09,847,300,81,1,0,STC Pay,Store,Completed,12,1674.71,1320,Madinah,Madinah,1674.71,1320,354.71,251.21
321915,2024-12-17,117,125,107,3,0,Mastercard,Online,Completed,9,4859.23,3785,Dammam,Makkah,14577.69,11355,3222.69,2186.65
464823,2025-11-09,514,284,54,1,15,Mada,Online,Completed,4,1024.36,837,Jazan,Riyadh,870.71,837,33.71,130.61
177398,2023-11-08,331,25,203,4,0,Apple Pay,Online,Completed,16,4087.39,3069,Madinah,Dammam,16349.56,12276,4073.56,2452.43
476459,2025-11-10,210,175,230,2,10,STC Pay,Store,Returned,18,3921.21,3124,Jazan,Jazan,7058.18,6248,810.18,1058.73
173324,2023-11-21,45,55,2,5,5,Cash,Store,Completed,6,4728.64,3656,Jeddah,Jeddah,22461.04,18280,4181.04,3369.16
169100,2023-11-28,557,172,12,4,10,STC Pay,Store,Returned,20,7232.9,5207,Taif,Taif,26038.44,20828,5210.44,3905.77
322399,2024-12-06,222,212,95,4,10,Mada,Store,Completed,16,4103.45,3055,Dammam,Dammam,14772.42,12220,2552.42,2215.86
301207,2024-11-26,217,64,209,5,15,Cash,Store,Cancelled,2,6595.51,4964,Riyadh,Riyadh,28030.92,24820,3210.92,4204.64
170852,2023-11-11,843,135,173,1,0,Visa,Store,Pending,20,5138.14,4163,Taif,Taif,5138.14,4163,975.14,770.72
379292,2025-04-14,255,268,7,1,0,Mada,Online,Cancelled,1,4357.71,3157,Taif,Riyadh,4357.71,3157,1200.71,653.66
431312,2025-09-11,42,233,233,2,0,Mada,Online,Completed,19,8855.91,6349,Abha,Tabuk,17711.82,12698,5013.82,2656.77
442406,2025-10-02,314,62,229,1,15,Apple Pay,Store,Completed,17,5014.42,4058,Abha,Abha,4262.26,4058,204.26,639.34
374178,2025-04-30,45,121,218,5,0,Cash,Store,Cancelled,6,7170.74,5556,Jeddah,Jeddah,35853.7,27780,8073.7,5378.05
285642,2024-10-28,325,184,31,1,5,STC Pay,Store,Cancelled,19,6053.38,4696,Tabuk,Tabuk,5750.71,4696,1054.71,862.61
207632,2024-03-05,308,11,21,3,5,STC Pay,Store,Completed,18,6598.05,5045,Jazan,Jazan,18804.44,15135,3669.44,2820.67
449964,2025-10-31,531,26,54,4,15,Mastercard,Store,Cancelled,18,3967.13,3168,Jazan,Jazan,13488.24,12672,816.24,2023.24
210079,2024-03-14,121,52,30,1,0,STC Pay,Online,Completed,3,6198.92,5063,Riyadh,Riyadh,6198.92,5063,1135.92,929.84
291552,2024-10-07,531,4,26,3,0,STC Pay,Store,Completed,18,5648.59,4505,Jazan,Jazan,16945.77,13515,3430.77,2541.87
286007,2024-10-08,658,286,42,1,0,Apple Pay,Store,Completed,7,2759.39,1978,Jeddah,Jeddah,2759.39,1978,781.39,413.91
444073,2025-10-20,9,95,241,4,0,Visa,Online,Completed,19,5906.29,4870,Khobar,Tabuk,23625.16,19480,4145.16,3543.77
355727,2025-03-30,734,249,73,2,0,Mastercard,Online,Completed,6,4881.0,3525,Khobar,Jeddah,9762.0,7050,2712.0,1464.3
380943,2025-04-26,237,206,114,2,0,Apple Pay,Store,Cancelled,18,3535.36,2675,Jazan,Jazan,7070.72,5350,1720.72,1060.61
447336,2025-10-28,172,217,140,5,0,Mastercard,Store,Completed,3,7571.21,5431,Riyadh,Riyadh,37856.05,27155,10701.05,5678.41
179051,2023-12-05,720,137,155,2,0,Visa,Store,Completed,6,4138.95,3146,Jeddah,Jeddah,8277.9,6292,1985.9,1241.68
391453,2025-05-11,580,14,100,1,0,STC Pay,Store,Completed,16,5746.96,4371,Dammam,Dammam,5746.96,4371,1375.96,862.04
384977,2025-05-06,418,151,211,2,10,Mada,Online,Completed,17,5940.33,4331,Makkah,Abha,10692.59,8662,2030.59,1603.89
223682,2024-04-21,461,272,176,2,0,Apple Pay,Online,Returned,14,11719.96,9595,Jazan,Khobar,23439.92,19190,4249.92,3515.99
422094,2025-08-05,275,227,107,2,15,Cash,Store,Pending,4,3625.15,2669,Riyadh,Riyadh,6162.76,5338,824.76,924.41
225514,2024-04-05,36,37,217,1,0,Mada,Store,Completed,4,5031.93,3632,Riyadh,Riyadh,5031.93,3632,1399.93,754.79
399529,2025-06-02,939,44,10,5,0,Cash,Online,Completed,1,6854.91,5202,Taif,Riyadh,34274.55,26010,8264.55,5141.18
219579,2024-04-07,395,165,97,1,0,Cash,Online,Cancelled,8,7278.93,5531,Dammam,Jeddah,7278.93,5531,1747.93,1091.84
219743,2024-04-18,477,49,151,1,0,Apple Pay,Online,Returned,12,6811.09,5420,Jazan,Madinah,6811.09,5420,1391.09,1021.66
158466,2023-10-13,682,11,147,4,10,Apple Pay,Online,Cancelled,12,6598.05,5045,Taif,Madinah,23752.98,20180,3572.98,3562.95
337592,2025-01-23,33,145,143,3,20,Mada,Online,Completed,12,5477.0,4193,Tabuk,Madinah,13144.8,12579,565.8,1971.72
280330,2024-09-09,337,263,78,4,0,Cash,Online,Completed,7,10915.36,7862,Dammam,Jeddah,43661.44,31448,12213.44,6549.22
271233,2024-09-10,116,30,63,1,20,Mastercard,Store,Completed,19,5014.06,4019,Tabuk,Tabuk,4011.25,4019,-7.75,601.69
105616,2023-04-16,997,148,245,2,0,Mastercard,Store,Completed,10,6979.37,5447,Makkah,Makkah,13958.74,10894,3064.74,2093.81
154799,2023-10-22,788,1,85,3,20,Visa,Store,Completed,14,5827.97,4536,Khobar,Khobar,13987.13,13608,379.13,2098.07
271948,2024-09-22,585,89,74,4,5,Mastercard,Online,Completed,6,5714.84,4647,Jazan,Jeddah,21716.39,18588,3128.39,3257.46
335590,2025-01-28,221,47,216,2,0,Visa,Store,Completed,1,3280.13,2728,Riyadh,Riyadh,6560.26,5456,1104.26,984.04
69439,2022-11-09,200,277,73,5,0,STC Pay,Online,Completed,6,9260.25,7665,Jazan,Jeddah,46301.25,38325,7976.25,6945.19
148648,2023-09-13,179,10,126,1,15,Cash,Store,Completed,17,4471.17,3454,Abha,Abha,3800.49,3454,346.49,570.07
146947,2023-09-15,289,299,133,2,0,Mada,Store,Completed,13,2033.84,1565,Khobar,Khobar,4067.68,3130,937.68,610.15
121016,2023-06-29,311,162,161,3,10,Mada,Store,Completed,17,6695.21,5104,Abha,Abha,18077.07,15312,2765.07,2711.56
138969,2023-08-16,476,78,61,5,0,Mada,Store,Returned,6,5702.34,4721,Jeddah,Jeddah,28511.7,23605,4906.7,4276.76
73096,2022-12-09,405,44,34,2,5,Visa,Store,Returned,19,6854.91,5202,Tabuk,Tabuk,13024.33,10404,2620.33,1953.65
206762,2024-02-24,399,280,70,4,15,Apple Pay,Store,Returned,3,3532.98,2757,Riyadh,Riyadh,12012.13,11028,984.13,1801.82
131693,2023-07-28,324,157,103,1,10,Mada,Store,Cancelled,1,6487.48,4958,Riyadh,Riyadh,5838.73,4958,880.73,875.81
118331,2023-05-23,167,43,37,1,0,STC Pay,Store,Cancelled,18,6189.19,4842,Jazan,Jazan,6189.19,4842,1347.19,928.38
85851,2023-01-06,764,172,59,2,10,Cash,Online,Completed,5,7232.9,5207,Makkah,Jeddah,13019.22,10414,2605.22,1952.88
24014,2022-05-08,369,129,49,4,10,STC Pay,Store,Completed,17,3682.28,2672,Abha,Abha,13256.21,10688,2568.21,1988.43
22225,2022-04-04,846,171,133,4,0,STC Pay,Online,Completed,11,4706.07,3647,Jazan,Madinah,18824.28,14588,4236.28,2823.64
50441,2022-09-10,817,15,219,5,0,Apple Pay,Online,Completed,17,5422.29,3895,Jazan,Abha,27111.45,19475,7636.45,4066.72
39067,2022-07-29,437,14,104,1,0,Mada,Store,Cancelled,16,5746.96,4371,Dammam,Dammam,5746.96,4371,1375.96,862.04
31281,2022-06-16,920,124,19,4,0,Cash,Store,Cancelled,12,4588.03,3413,Madinah,Madinah,18352.12,13652,4700.12,2752.82
439957,2025-09-01,116,130,104,4,10,Visa,Store,Completed,19,6385.28,4946,Tabuk,Tabuk,22987.01,19784,3203.01,3448.05
191795,2024-01-03,807,30,84,4,5,Cash,Store,Cancelled,10,5014.06,4019,Makkah,Makkah,19053.43,16076,2977.43,2858.01
202454,2024-02-17,844,211,35,3,20,Mastercard,Online,Completed,3,6311.55,4545,Makkah,Riyadh,15147.72,13635,1512.72,2272.16
13008,2022-03-30,971,266,108,3,5,Cash,Online,Pending,9,2816.57,2309,Madinah,Makkah,8027.22,6927,1100.22,1204.08
80576,2023-01-26,361,146,151,4,0,Mada,Store,Completed,11,7234.66,5303,Madinah,Madinah,28938.64,21212,7726.64,4340.8
31121,2022-06-09,790,292,247,4,0,Apple Pay,Store,Pending,19,506.31,405,Tabuk,Tabuk,2025.24,1620,405.24,303.79
34812,2022-06-16,241,235,45,4,10,Cash,Store,Cancelled,19,5640.24,4576,Tabuk,Tabuk,20304.86,18304,2000.86,3045.73
492043,2025-12-16,486,129,116,5,0,Mada,Store,Completed,12,3682.28,2672,Madinah,Madinah,18411.4,13360,5051.4,2761.71
325755,2024-12-23,915,254,14,1,0,Cash,Online,Completed,2,2495.22,1978,Madinah,Riyadh,2495.22,1978,517.22,374.28
323845,2024-12-05,770,236,167,3,5,Apple Pay,Store,Returned,19,6548.91,5068,Tabuk,Tabuk,18664.39,15204,3460.39,2799.66
470770,2025-11-08,946,104,36,2,10,STC Pay,Store,Returned,18,3655.1,2996,Jazan,Jazan,6579.18,5992,587.18,986.88
305043,2024-11-14,108,118,44,4,0,Mastercard,Online,Completed,4,5708.72,4393,Dammam,Riyadh,22834.88,17572,5262.88,3425.23
295244,2024-11-27,598,162,236,3,5,STC Pay,Online,Completed,19,6695.21,5104,Khobar,Tabuk,19081.35,15312,3769.35,2862.2
322818,2024-12-18,848,183,108,4,15,Mada,Store,Cancelled,4,6505.87,4880,Riyadh,Riyadh,22119.96,19520,2599.96,3317.99
296538,2024-11-14,427,61,181,3,5,STC Pay,Store,Pending,9,5163.84,4254,Makkah,Makkah,14716.94,12762,1954.94,2207.54
165980,2023-11-26,832,270,153,5,5,Mada,Online,Cancelled,12,8057.13,5880,Jeddah,Madinah,38271.37,29400,8871.37,5740.71
171204,2023-11-10,58,219,84,1,10,Apple Pay,Store,Returned,19,3442.9,2802,Tabuk,Tabuk,3098.61,2802,296.61,464.79
478514,2025-11-09,17,26,121,3,0,Visa,Online,Returned,10,3967.13,3168,Abha,Makkah,11901.39,9504,2397.39,1785.21
288196,2024-10-22,24,277,5,3,5,STC Pay,Store,Pending,19,9260.25,7665,Tabuk,Tabuk,26391.71,22995,3396.71,3958.76
359831,2025-03-04,147,163,145,4,0,Visa,Store,Completed,16,7254.5,5355,Dammam,Dammam,29018.0,21420,7598.0,4352.7
365260,2025-03-14,478,91,166,4,5,Apple Pay,Store,Returned,14,6173.15,5128,Khobar,Khobar,23457.97,20512,2945.97,3518.7
435130,2025-09-10,313,170,74,1,5,Cash,Store,Completed,10,6998.28,5357,Makkah,Makkah,6648.37,5357,1291.37,997.26
442540,2025-10-21,797,116,146,2,10,STC Pay,Store,Completed,10,4328.44,3348,Makkah,Makkah,7791.19,6696,1095.19,1168.68
438821,2025-09-11,600,270,26,4,5,Apple Pay,Store,Completed,13,8057.13,5880,Khobar,Khobar,30617.09,23520,7097.09,4592.56
435163,2025-09-22,158,57,51,3,0,Apple Pay,Store,Cancelled,18,5618.79,4198,Jazan,Jazan,16856.37,12594,4262.37,2528.46
424768,2025-08-09,121,226,257,3,5,Mastercard,Store,Returned,1,6414.87,4939,Riyadh,Riyadh,18282.38,14817,3465.38,2742.36
409101,2025-07-30,345,12,113,4,10,Mastercard,Store,Pending,19,6005.56,4961,Tabuk,Tabuk,21620.02,19844,1776.02,3243.0
180568,2023-12-04,781,89,130,2,15,Mastercard,Store,Pending,13,5714.84,4647,Khobar,Khobar,9715.23,9294,421.23,1457.28
414632,2025-07-05,11,120,90,5,10,Mada,Online,Completed,8,4257.18,3308,Khobar,Jeddah,19157.31,16540,2617.31,2873.6
399501,2025-06-28,419,37,135,1,0,Apple Pay,Store,Returned,5,5031.93,3632,Jeddah,Jeddah,5031.93,3632,1399.93,754.79
396662,2025-06-13,352,277,32,2,15,Apple Pay,Store,Completed,10,9260.25,7665,Makkah,Makkah,15742.42,15330,412.42,2361.36
336496,2025-01-25,402,36,71,4,0,Cash,Store,Completed,1,4332.33,3525,Riyadh,Riyadh,17329.32,14100,3229.32,2599.4
280627,2024-09-28,65,107,22,5,0,Visa,Online,Completed,2,6750.66,5119,Riyadh,Riyadh,33753.3,25595,8158.3,5063.0
344759,2025-02-03,733,122,61,5,10,Cash,Store,Cancelled,10,3689.57,2664,Makkah,Makkah,16603.07,13320,3283.07,2490.46
338800,2025-01-02,500,25,29,4,0,STC Pay,Online,Completed,3,4087.39,3069,Jeddah,Riyadh,16349.56,12276,4073.56,2452.43
337193,2025-01-02,908,201,238,5,0,Apple Pay,Store,Completed,10,4150.46,3052,Makkah,Makkah,20752.3,15260,5492.3,3112.84
272501,2024-09-01,505,224,122,2,0,Cash,Online,Completed,10,5428.93,3973,Abha,Makkah,10857.86,7946,2911.86,1628.68
330705,2025-01-18,549,97,19,2,5,Mada,Store,Completed,19,3685.29,2708,Tabuk,Tabuk,7002.05,5416,1586.05,1050.31
335610,2025-01-13,331,95,254,2,0,Visa,Store,Completed,11,5906.29,4870,Madinah,Madinah,11812.58,9740,2072.58,1771.89
67305,2022-11-30,356,222,75,2,5,STC Pay,Store,Completed,15,6015.53,4689,Dammam,Dammam,11429.51,9378,2051.51,1714.43
280900,2024-09-03,634,128,30,1,0,STC Pay,Store,Completed,15,4072.91,3353,Dammam,Dammam,4072.91,3353,719.91,610.94
107930,2023-04-19,84,177,11,2,0,Mada,Store,Cancelled,18,3199.45,2542,Jazan,Jazan,6398.9,5084,1314.9,959.83
156163,2023-10-24,25,300,158,3,0,Mastercard,Online,Completed,13,1674.71,1320,Khobar,Khobar,5024.13,3960,1064.13,753.62
244116,2024-06-16,723,173,223,3,5,Visa,Store,Returned,10,5265.52,4325,Makkah,Makkah,15006.73,12975,2031.73,2251.01
254501,2024-07-14,244,153,200,1,5,Cash,Online,Completed,16,6828.11,5330,Khobar,Dammam,6486.7,5330,1156.7,973.0
100533,2023-03-19,393,76,59,3,10,STC Pay,Store,Cancelled,6,4672.22,3842,Jeddah,Jeddah,12614.99,11526,1088.99,1892.25
270101,2024-08-11,904,9,7,2,5,Visa,Store,Completed,9,5551.86,4567,Makkah,Makkah,10548.53,9134,1414.53,1582.28
147984,2023-09-19,716,66,62,3,0,Apple Pay,Store,Returned,20,6444.99,4790,Taif,Taif,19334.97,14370,4964.97,2900.25
99328,2023-03-16,686,54,45,4,5,Visa,Online,Completed,4,4421.72,3206,Jazan,Riyadh,16802.54,12824,3978.54,2520.38
138872,2023-08-26,139,88,132,1,0,Mada,Store,Pending,9,6838.0,5128,Makkah,Makkah,6838.0,5128,1710.0,1025.7
134829,2023-07-13,878,263,49,3,15,STC Pay,Store,Completed,12,10915.36,7862,Madinah,Madinah,27834.17,23586,4248.17,4175.13
113099,2023-05-12,679,271,164,2,15,Apple Pay,Store,Cancelled,17,9843.22,7469,Abha,Abha,16733.47,14938,1795.47,2510.02
203458,2024-02-18,234,98,240,4,5,Mastercard,Store,Completed,20,7308.84,5472,Taif,Taif,27773.59,21888,5885.59,4166.04
118189,2023-05-01,60,210,211,2,0,Mastercard,Online,Cancelled,17,4213.61,3246,Madinah,Abha,8427.22,6492,1935.22,1264.08
196194,2024-01-27,822,200,107,4,5,Cash,Online,Cancelled,9,5069.69,3637,Dammam,Makkah,19264.82,14548,4716.82,2889.72
191842,2024-01-28,123,118,209,2,5,Visa,Store,Completed,13,5708.72,4393,Khobar,Khobar,10846.57,8786,2060.57,1626.99
53254,2022-10-13,311,213,219,5,0,Cash,Online,Cancelled,17,5137.78,4031,Abha,Abha,25688.9,20155,5533.9,3853.34
53617,2022-10-21,78,103,158,5,10,Visa,Store,Completed,11,4024.16,3125,Madinah,Madinah,18108.72,15625,2483.72,2716.31
80744,2023-01-12,93,20,189,1,0,Mastercard,Store,Completed,13,7247.0,5470,Khobar,Khobar,7247.0,5470,1777.0,1087.05
15644,2022-03-04,893,209,81,4,0,Mada,Online,Returned,7,7235.93,5200,Tabuk,Jeddah,28943.72,20800,8143.72,4341.56
969,2022-01-20,86,55,81,1,5,Mastercard,Online,Pending,7,4728.64,3656,Dammam,Jeddah,4492.21,3656,836.21,673.83
6886,2022-02-13,789,239,97,5,10,Visa,Store,Completed,9,4011.24,3079,Makkah,Makkah,18050.58,15395,2655.58,2707.59
38468,2022-07-09,219,125,90,5,5,STC Pay,Store,Cancelled,7,4859.23,3785,Jeddah,Jeddah,23081.34,18925,4156.34,3462.2
38546,2022-07-26,519,122,88,4,10,Cash,Store,Completed,19,3689.57,2664,Tabuk,Tabuk,13282.45,10656,2626.45,1992.37
339158,2025-01-18,607,155,245,1,15,Mastercard,Online,Cancelled,19,6093.77,5019,Madinah,Tabuk,5179.7,5019,160.7,776.96
233958,2024-05-13,968,208,27,4,0,Apple Pay,Store,Completed,7,3092.9,2542,Jeddah,Jeddah,12371.6,10168,2203.6,1855.74
151629,2023-09-13,543,240,11,3,0,Cash,Store,Returned,16,4254.88,3224,Dammam,Dammam,12764.64,9672,3092.64,1914.7
198240,2024-01-12,776,212,12,5,0,Cash,Online,Completed,2,4103.45,3055,Makkah,Riyadh,20517.25,15275,5242.25,3077.59
141985,2023-08-24,579,219,257,1,5,Mastercard,Store,Completed,18,3442.9,2802,Jazan,Jazan,3270.76,2802,468.76,490.61
172,2022-01-08,829,216,38,4,15,Cash,Store,Returned,18,5649.78,4152,Jazan,Jazan,19209.25,16608,2601.25,2881.39
